Patient Number, Cluster Label, Cluster Probability
MM-267.0, -1, 0.0
MM-159.1, 1, 1.0
MM-161.0, -1, 0.0
MM-105.0, 0, 1.0
MM-308.3, 0, 0.37584571714020004
MM-361.0, -1, 0.0
MM-158.0, 1, 1.0
MM-2.0, -1, 0.0
MM-22.9, 0, 1.0
MM-265.0, 0, 0.416722417243491
MM-22.2, 1, 1.0
MM-177.0, 0, 1.0